timestamp,TotalUptime,bootcounter,MCUTemp,Temperature
2022-03-08T02:08:30Z,4462919,2,-1.90000000000000010547118733938987134024500846862792968750,0E-56
2022-03-08T02:07:30Z,4462860,2,-3.10000000000000017208456881689926376566290855407714843750,0E-56
2022-03-08T02:07:30Z,4462860,2,-3.10000000000000017208456881689926376566290855407714843750,0E-56
2022-03-07T00:51:04Z,4377780,101,-0.60000000000000003330669073875469621270895004272460937500,0E-56
2022-03-07T00:49:04Z,4377660,101,-1.80000000000000009992007221626408863812685012817382812500,0E-56
2022-03-07T00:49:04Z,4377660,101,-1.80000000000000009992007221626408863812685012817382812500,0E-56
2022-03-05T12:37:39Z,4253280,34,9.60000000000000053290705182007513940334320068359375000000,0E-56
2022-03-05T02:49:10Z,4219920,10,-4.60000000000000025535129566378600429743528366088867187500,0E-56
2022-02-28T00:47:55Z,3800640,143,-1.20000000000000006661338147750939242541790008544921875000,0E-56
2022-02-28T00:46:55Z,3800580,143,-2.10000000000000011657341758564143674448132514953613281250,0E-56
2022-02-26T12:33:32Z,3677640,219,6.60000000000000036637359812630165833979845046997070312500,0E-56
2022-02-26T12:32:32Z,3677580,219,6.30000000000000034972025275692431023344397544860839843750,0E-56
2022-02-26T12:31:32Z,3677520,219,5.30000000000000029420910152566648321226239204406738281250,0E-56
2022-02-26T12:30:32Z,3677460,219,4.60000000000000025535129566378600429743528366088867187500,0E-56
2022-02-26T12:30:32Z,3677460,219,4.60000000000000025535129566378600429743528366088867187500,0E-56
2022-02-25T01:27:08Z,3556260,167,-2.20000000000000012212453270876721944659948348999023437500,0E-56
2022-02-25T01:25:08Z,3556140,167,-2.80000000000000015543122344752191565930843353271484375000,0E-56
2022-02-25T01:24:08Z,3556079,167,-3.50000000000000019428902930940239457413554191589355468750,0E-56
2022-02-25T01:24:08Z,3556079,167,-3.50000000000000019428902930940239457413554191589355468750,0E-56
2022-02-24T12:57:25Z,3513660,132,4.20000000000000023314683517128287348896265029907226562500,0E-56
2022-02-24T12:56:25Z,3513600,132,3.40000000000000018873791418627661187201738357543945312500,0E-56
2022-02-24T12:55:25Z,3513540,132,2.90000000000000016098233857064769836142659187316894531250,0E-56
2022-02-24T12:55:25Z,3513540,132,2.90000000000000016098233857064769836142659187316894531250,0E-56
2022-02-23T12:27:30Z,3430620,231,4.70000000000000026090241078691178699955344200134277343750,0E-56
2022-02-23T12:27:30Z,3430620,231,4.70000000000000026090241078691178699955344200134277343750,0E-56
2022-02-23T01:52:51Z,3393900,217,-2.90000000000000016098233857064769836142659187316894531250,0E-56
2022-02-23T01:50:51Z,3393780,217,-4.30000000000000023869795029440865619108080863952636718750,0E-56
2022-02-22T19:07:14Z,3370560,208,1.30000000000000007216449660063517512753605842590332031250,0E-56
2022-02-22T19:06:14Z,3370500,208,2.00000000000000011102230246251565404236316680908203125000,0E-56
2022-02-22T19:05:14Z,3370440,208,3.20000000000000017763568394002504646778106689453125000000,0E-56
2022-02-22T19:04:14Z,3370379,208,3.90000000000000021649348980190552538260817527770996093750,0E-56
2022-02-22T19:03:14Z,3370320,208,4.40000000000000024424906541753443889319896697998046875000,0E-56
2022-02-22T19:02:14Z,3370260,208,5.70000000000000031641356201816961402073502540588378906250,0E-56
2022-02-22T11:29:51Z,3343500,204,-3.50000000000000019428902930940239457413554191589355468750,0E-56
2022-02-22T11:28:51Z,3343440,204,-3.60000000000000019984014443252817727625370025634765625000,0E-56
2022-02-22T11:27:51Z,3343380,204,-4.30000000000000023869795029440865619108080863952636718750,0E-56
2022-02-22T11:26:51Z,3343320,204,-4.20000000000000023314683517128287348896265029907226562500,0E-56
2022-02-22T11:25:50Z,3343259,204,-4.70000000000000026090241078691178699955344200134277343750,0E-56
2022-02-22T11:24:51Z,3343200,204,-4.60000000000000025535129566378600429743528366088867187500,0E-56
2022-02-22T09:56:44Z,3337980,203,-2.50000000000000013877787807814456755295395851135253906250,0E-56
2022-02-22T09:55:44Z,3337920,203,-3.20000000000000017763568394002504646778106689453125000000,0E-56
2022-02-22T09:54:44Z,3337860,203,-3.40000000000000018873791418627661187201738357543945312500,0E-56
2022-02-22T09:53:44Z,3337800,203,-3.80000000000000021094237467877974268049001693725585937500,0E-56
2022-02-22T09:52:44Z,3337740,203,-3.80000000000000021094237467877974268049001693725585937500,0E-56
2022-02-22T08:18:38Z,3332100,202,-3.70000000000000020539125955565395997837185859680175781250,0E-56
2022-02-22T08:17:38Z,3332040,202,-4.30000000000000023869795029440865619108080863952636718750,0E-56
2022-02-22T08:16:38Z,3331980,202,-3.80000000000000021094237467877974268049001693725585937500,0E-56
2022-02-22T02:03:08Z,3309780,198,-2.80000000000000015543122344752191565930843353271484375000,0E-56
2022-02-22T02:03:08Z,3309780,198,-2.80000000000000015543122344752191565930843353271484375000,0E-56
2022-02-21T20:57:43Z,3291780,194,0.30000000000000001665334536937734810635447502136230468750,0E-56
2022-02-21T20:56:43Z,3291720,194,1.70000000000000009436895709313830593600869178771972656250,0E-56
2022-02-21T20:55:43Z,3291660,194,2.20000000000000012212453270876721944659948348999023437500,0E-56
2022-02-21T20:54:43Z,3291600,194,2.90000000000000016098233857064769836142659187316894531250,0E-56
2022-02-21T20:53:43Z,3291539,194,3.50000000000000019428902930940239457413554191589355468750,0E-56
2022-02-21T20:52:43Z,3291480,194,5.10000000000000028310687127941491780802607536315917968750,0E-56
2022-02-21T20:51:43Z,3291419,194,5.30000000000000029420910152566648321226239204406738281250,0E-56
2022-02-21T19:22:35Z,3286079,193,1.20000000000000006661338147750939242541790008544921875000,0E-56
2022-02-21T19:21:35Z,3286020,193,1.70000000000000009436895709313830593600869178771972656250,0E-56
2022-02-21T19:18:35Z,3285840,193,4.40000000000000024424906541753443889319896697998046875000,0E-56
2022-02-21T19:17:35Z,3285780,193,5.20000000000000028865798640254070051014423370361328125000,0E-56
2022-02-21T19:16:35Z,3285720,193,6.10000000000000033861802251067274482920765876770019531250,0E-56
2022-02-21T19:15:35Z,3285660,193,6.60000000000000036637359812630165833979845046997070312500,0E-56
2022-02-21T17:48:24Z,3280440,192,0.30000000000000001665334536937734810635447502136230468750,0E-56
2022-02-21T17:47:24Z,3280380,192,1.10000000000000006106226635438360972329974174499511718750,0E-56
2022-02-21T17:46:24Z,3280320,192,1.50000000000000008326672684688674053177237510681152343750,0E-56
2022-02-21T17:45:24Z,3280260,192,3.00000000000000016653345369377348106354475021362304687500,0E-56
2022-02-21T17:44:24Z,3280200,192,4.00000000000000022204460492503130808472633361816406250000,0E-56
2022-02-21T16:35:24Z,3276060,192,0.70000000000000003885780586188047891482710838317871093750,0E-56
2022-02-21T12:05:12Z,3259920,190,10.00000000000000055511151231257827021181583404541015625000,0E-56
2022-02-21T12:04:12Z,3259860,190,9.80000000000000054400928206632670480757951736450195312500,0E-56
2022-02-21T12:02:12Z,3259740,190,8.20000000000000045519144009631418157368898391723632812500,0E-56
2022-02-21T12:01:12Z,3259680,190,7.70000000000000042743586448068526806309819221496582031250,0E-56
2022-02-21T11:42:12Z,3258540,190,-3.00000000000000016653345369377348106354475021362304687500,0E-56
2022-02-21T11:41:12Z,3258480,190,-4.00000000000000022204460492503130808472633361816406250000,0E-56
2022-02-21T11:40:12Z,3258420,190,-4.40000000000000024424906541753443889319896697998046875000,0E-56
2022-02-21T11:39:12Z,3258360,190,-4.00000000000000022204460492503130808472633361816406250000,0E-56
2022-02-21T10:12:03Z,3253140,189,-1.20000000000000006661338147750939242541790008544921875000,0E-56
2022-02-21T10:11:03Z,3253080,189,-1.60000000000000008881784197001252323389053344726562500000,0E-56
2022-02-21T10:06:05Z,3252780,189,-3.80000000000000021094237467877974268049001693725585937500,0E-56
2022-02-21T10:05:05Z,3252720,189,-4.00000000000000022204460492503130808472633361816406250000,0E-56
2022-02-21T06:59:49Z,3241620,187,-2.20000000000000012212453270876721944659948348999023437500,0E-56
2022-02-21T06:58:49Z,3241560,187,-3.30000000000000018318679906315082916989922523498535156250,0E-56
2022-02-20T21:09:02Z,3206940,178,1.00000000000000005551115123125782702118158340454101562500,0E-56
2022-02-20T21:08:02Z,3206880,178,1.70000000000000009436895709313830593600869178771972656250,0E-56
2022-02-20T21:07:02Z,3206819,178,2.90000000000000016098233857064769836142659187316894531250,0E-56
2022-02-20T21:06:02Z,3206760,178,3.60000000000000019984014443252817727625370025634765625000,0E-56
2022-02-20T12:20:27Z,3175980,172,9.30000000000000051625370645069779129698872566223144531250,0E-56
2022-02-20T12:16:28Z,3175740,172,6.90000000000000038302694349567900644615292549133300781250,0E-56
2022-02-20T12:15:28Z,3175680,172,6.00000000000000033306690738754696212708950042724609375000,0E-56
2022-02-20T12:14:27Z,3175619,172,5.30000000000000029420910152566648321226239204406738281250,0E-56
2022-02-20T12:13:28Z,3175560,172,4.20000000000000023314683517128287348896265029907226562500,0E-56
2022-02-20T12:13:28Z,3175560,172,4.20000000000000023314683517128287348896265029907226562500,0E-56
2022-02-20T11:53:27Z,3174360,172,-5.90000000000000032751579226442117942497134208679199218750,0E-56
2022-02-19T10:29:49Z,3087060,92,-6.10000000000000033861802251067274482920765876770019531250,0E-56
2022-02-18T21:34:49Z,3042960,255,1.70000000000000009436895709313830593600869178771972656250,0E-56
2022-02-18T20:05:39Z,3037620,245,-4.80000000000000026645352591003756970167160034179687500000,0E-56
2022-02-18T12:44:12Z,3012600,196,6.60000000000000036637359812630165833979845046997070312500,0E-56
2022-02-18T12:43:12Z,3012540,196,6.30000000000000034972025275692431023344397544860839843750,0E-56
2022-02-18T12:42:12Z,3012480,196,5.30000000000000029420910152566648321226239204406738281250,0E-56
2022-02-18T12:41:13Z,3012419,196,4.40000000000000024424906541753443889319896697998046875000,0E-56
2022-02-18T10:49:00Z,3005940,187,-4.90000000000000027200464103316335240378975868225097656250,0E-56
2022-02-18T09:16:53Z,3000600,181,-3.80000000000000021094237467877974268049001693725585937500,0E-56
2022-02-18T07:40:47Z,2995020,176,-4.50000000000000024980018054066022159531712532043457031250,0E-56
2022-02-17T18:43:48Z,2950200,147,-4.40000000000000024424906541753443889319896697998046875000,0E-56
2022-02-17T18:37:44Z,2950080,145,1.70000000000000009436895709313830593600869178771972656250,0E-56
2022-02-17T11:01:15Z,2923560,126,-4.90000000000000027200464103316335240378975868225097656250,0E-56
2022-02-17T10:59:15Z,2923440,126,-5.50000000000000030531133177191804861649870872497558593750,0E-56
2022-02-17T10:57:15Z,2923320,126,-5.80000000000000032196467714129539672285318374633789062500,0E-56
2022-02-17T07:55:59Z,2912700,124,-2.90000000000000016098233857064769836142659187316894531250,0E-56
2022-02-17T07:53:59Z,2912580,124,-4.40000000000000024424906541753443889319896697998046875000,0E-56
2022-02-17T07:52:59Z,2912520,124,-4.10000000000000022759572004815709078684449195861816406250,0E-56
2022-02-17T07:51:59Z,2912460,124,-4.90000000000000027200464103316335240378975868225097656250,0E-56
2022-02-17T07:49:59Z,2912340,124,-5.50000000000000030531133177191804861649870872497558593750,0E-56
2022-02-16T20:26:04Z,2872740,108,1.10000000000000006106226635438360972329974174499511718750,0E-56
2022-02-16T20:25:04Z,2872680,108,2.40000000000000013322676295501878485083580017089843750000,0E-56
2022-02-16T20:24:04Z,2872620,108,3.10000000000000017208456881689926376566290855407714843750,0E-56
2022-02-16T20:23:04Z,2872560,108,4.00000000000000022204460492503130808472633361816406250000,0E-56
2022-02-16T20:22:05Z,2872500,108,4.70000000000000026090241078691178699955344200134277343750,0E-56
2022-02-16T13:11:41Z,2847659,89,7.70000000000000042743586448068526806309819221496582031250,0E-56
2022-02-16T13:09:41Z,2847540,89,6.20000000000000034416913763379852753132581710815429687500,0E-56
2022-02-16T13:08:41Z,2847480,89,4.70000000000000026090241078691178699955344200134277343750,0E-56
2022-02-16T13:08:41Z,2847480,89,4.70000000000000026090241078691178699955344200134277343750,0E-56
2022-02-16T13:08:41Z,2847480,89,4.70000000000000026090241078691178699955344200134277343750,0E-56
2022-02-16T01:49:56Z,2808240,41,-3.80000000000000021094237467877974268049001693725585937500,0E-56
2022-02-16T01:47:56Z,2808120,41,-5.00000000000000027755575615628913510590791702270507812500,0E-56
2022-02-15T12:44:30Z,2763480,169,4.90000000000000027200464103316335240378975868225097656250,0E-56
2022-02-15T12:44:30Z,2763480,169,4.90000000000000027200464103316335240378975868225097656250,0E-56
2022-02-14T12:01:57Z,2678940,217,7.00000000000000038857805861880478914827108383178710937500,0E-56
2022-02-14T11:59:57Z,2678819,217,5.00000000000000027755575615628913510590791702270507812500,0E-56
2022-02-14T11:58:57Z,2678760,217,4.70000000000000026090241078691178699955344200134277343750,0E-56
2022-02-14T11:58:57Z,2678760,217,4.70000000000000026090241078691178699955344200134277343750,0E-56
2022-02-13T00:53:22Z,2554560,191,-1.00000000000000005551115123125782702118158340454101562500,0E-56
2022-02-13T00:53:22Z,2554560,191,-1.00000000000000005551115123125782702118158340454101562500,0E-56
2022-02-11T18:27:49Z,2445060,187,-1.00000000000000005551115123125782702118158340454101562500,0E-56
2022-02-11T18:26:49Z,2444999,187,-0.20000000000000001110223024625156540423631668090820312500,0E-56
2022-02-11T18:25:49Z,2444940,187,0.80000000000000004440892098500626161694526672363281250000,0E-56
2022-02-11T18:23:49Z,2444820,187,2.60000000000000014432899320127035025507211685180664062500,0E-56
2022-02-11T18:22:49Z,2444760,187,3.20000000000000017763568394002504646778106689453125000000,0E-56
2022-02-11T18:20:49Z,2444640,187,4.70000000000000026090241078691178699955344200134277343750,0E-56
2022-02-11T18:19:49Z,2444580,187,5.60000000000000031086244689504383131861686706542968750000,0E-56
2022-02-11T16:51:48Z,2439300,187,0E-56,0E-56
2022-02-11T16:50:48Z,2439239,187,0.80000000000000004440892098500626161694526672363281250000,0E-56
2022-02-11T16:49:48Z,2439180,187,1.40000000000000007771561172376095782965421676635742187500,0E-56
2022-02-11T16:48:48Z,2439120,187,2.40000000000000013322676295501878485083580017089843750000,0E-56
2022-02-11T16:47:48Z,2439060,187,3.60000000000000019984014443252817727625370025634765625000,0E-56
2022-02-11T12:40:48Z,2424240,187,11.40000000000000063282712403633922804147005081176757812500,0E-56
2022-02-11T12:39:48Z,2424180,187,10.50000000000000058286708792820718372240662574768066406250,0E-56
2022-02-11T12:38:48Z,2424120,187,9.90000000000000054956039718945248750969767570495605468750,0E-56
2022-02-11T12:36:48Z,2424000,187,8.70000000000000048294701571194309508427977561950683593750,0E-56
2022-02-11T12:35:48Z,2423939,187,7.20000000000000039968028886505635455250740051269531250000,0E-56
2022-02-11T12:35:48Z,2423939,187,7.20000000000000039968028886505635455250740051269531250000,0E-56
2022-02-11T10:45:46Z,2417339,185,-1.60000000000000008881784197001252323389053344726562500000,0E-56
2022-02-11T10:44:46Z,2417280,185,-2.00000000000000011102230246251565404236316680908203125000,0E-56
2022-02-11T10:43:46Z,2417220,185,-2.50000000000000013877787807814456755295395851135253906250,0E-56
2022-02-11T10:42:46Z,2417160,185,-2.70000000000000014988010832439613295719027519226074218750,0E-56
2022-02-11T10:39:46Z,2416980,185,-2.50000000000000013877787807814456755295395851135253906250,0E-56
2022-02-11T09:14:46Z,2411880,185,0E-56,0E-56
2022-02-11T09:11:46Z,2411700,185,-1.20000000000000006661338147750939242541790008544921875000,0E-56
2022-02-11T09:09:46Z,2411580,185,-1.90000000000000010547118733938987134024500846862792968750,0E-56
2022-02-11T09:07:46Z,2411460,185,-2.50000000000000013877787807814456755295395851135253906250,0E-56
2022-02-11T09:05:46Z,2411339,185,-3.00000000000000016653345369377348106354475021362304687500,0E-56
2022-02-11T07:38:46Z,2406120,185,-0.60000000000000003330669073875469621270895004272460937500,0E-56
2022-02-11T07:37:46Z,2406060,185,-1.10000000000000006106226635438360972329974174499511718750,0E-56
2022-02-11T07:36:46Z,2405999,185,-1.90000000000000010547118733938987134024500846862792968750,0E-56
2022-02-11T07:35:46Z,2405940,185,-1.80000000000000009992007221626408863812685012817382812500,0E-56
2022-02-10T21:47:18Z,2370660,181,1.70000000000000009436895709313830593600869178771972656250,0E-56
2022-02-10T21:46:18Z,2370600,181,2.60000000000000014432899320127035025507211685180664062500,0E-56
2022-02-10T21:45:18Z,2370539,181,3.90000000000000021649348980190552538260817527770996093750,0E-56
2022-02-10T21:44:18Z,2370480,181,4.30000000000000023869795029440865619108080863952636718750,0E-56
2022-02-10T21:43:18Z,2370420,181,5.60000000000000031086244689504383131861686706542968750000,0E-56
2022-02-10T21:42:18Z,2370359,181,6.00000000000000033306690738754696212708950042724609375000,0E-56
2022-02-10T20:14:14Z,2365140,180,0.10000000000000000555111512312578270211815834045410156250,0E-56
2022-02-10T20:13:14Z,2365080,180,0.40000000000000002220446049250313080847263336181640625000,0E-56
2022-02-10T20:11:14Z,2364960,180,2.10000000000000011657341758564143674448132514953613281250,0E-56
2022-02-10T20:10:14Z,2364900,180,3.40000000000000018873791418627661187201738357543945312500,0E-56
2022-02-10T20:09:14Z,2364840,180,4.40000000000000024424906541753443889319896697998046875000,0E-56
2022-02-10T20:08:14Z,2364779,180,5.40000000000000029976021664879226591438055038452148437500,0E-56
2022-02-10T20:07:14Z,2364719,180,5.90000000000000032751579226442117942497134208679199218750,0E-56
2022-02-10T20:06:14Z,2364659,180,6.80000000000000037747582837255322374403476715087890625000,0E-56
2022-02-10T18:38:08Z,2359440,179,0.50000000000000002775557561562891351059079170227050781250,0E-56
2022-02-10T18:36:08Z,2359320,179,1.90000000000000010547118733938987134024500846862792968750,0E-56
2022-02-10T18:35:08Z,2359260,179,3.00000000000000016653345369377348106354475021362304687500,0E-56
2022-02-10T18:34:08Z,2359200,179,3.90000000000000021649348980190552538260817527770996093750,0E-56
2022-02-10T18:33:08Z,2359139,179,4.90000000000000027200464103316335240378975868225097656250,0E-56
2022-02-10T17:02:59Z,2353739,178,0.30000000000000001665334536937734810635447502136230468750,0E-56
2022-02-10T17:01:59Z,2353680,178,1.10000000000000006106226635438360972329974174499511718750,0E-56
2022-02-10T17:00:59Z,2353620,178,2.40000000000000013322676295501878485083580017089843750000,0E-56
2022-02-10T16:59:59Z,2353560,178,3.00000000000000016653345369377348106354475021362304687500,0E-56
2022-02-10T10:58:36Z,2331900,175,-3.70000000000000020539125955565395997837185859680175781250,0E-56
2022-02-10T10:57:36Z,2331840,175,-3.50000000000000019428902930940239457413554191589355468750,0E-56
2022-02-10T10:56:36Z,2331780,175,-3.90000000000000021649348980190552538260817527770996093750,0E-56
2022-02-10T10:55:36Z,2331720,175,-4.30000000000000023869795029440865619108080863952636718750,0E-56
2022-02-10T10:54:36Z,2331660,175,-4.20000000000000023314683517128287348896265029907226562500,0E-56
2022-02-10T09:26:30Z,2326380,174,-1.90000000000000010547118733938987134024500846862792968750,0E-56
2022-02-10T09:25:30Z,2326320,174,-2.20000000000000012212453270876721944659948348999023437500,0E-56
2022-02-10T09:24:30Z,2326260,174,-3.00000000000000016653345369377348106354475021362304687500,0E-56
2022-02-10T09:23:30Z,2326200,174,-3.40000000000000018873791418627661187201738357543945312500,0E-56
2022-02-10T09:22:30Z,2326140,174,-3.70000000000000020539125955565395997837185859680175781250,0E-56
2022-02-10T09:21:30Z,2326080,174,-3.80000000000000021094237467877974268049001693725585937500,0E-56
2022-02-10T09:20:30Z,2326020,174,-3.70000000000000020539125955565395997837185859680175781250,0E-56
2022-02-10T07:53:19Z,2320800,173,-1.20000000000000006661338147750939242541790008544921875000,0E-56
2022-02-10T07:52:19Z,2320740,173,-1.80000000000000009992007221626408863812685012817382812500,0E-56
2022-02-10T07:51:19Z,2320680,173,-1.80000000000000009992007221626408863812685012817382812500,0E-56
2022-02-10T07:50:19Z,2320620,173,-2.80000000000000015543122344752191565930843353271484375000,0E-56
2022-02-10T07:49:19Z,2320560,173,-3.40000000000000018873791418627661187201738357543945312500,0E-56
2022-02-10T07:48:19Z,2320499,173,-3.60000000000000019984014443252817727625370025634765625000,0E-56
2022-02-10T07:47:19Z,2320440,173,-4.00000000000000022204460492503130808472633361816406250000,0E-56
2022-02-10T07:46:19Z,2320380,173,-4.50000000000000024980018054066022159531712532043457031250,0E-56
2022-02-10T07:45:19Z,2320320,173,-4.60000000000000025535129566378600429743528366088867187500,0E-56
2022-02-10T07:44:19Z,2320260,173,-4.60000000000000025535129566378600429743528366088867187500,0E-56
2022-02-09T21:59:28Z,2286000,164,1.10000000000000006106226635438360972329974174499511718750,0E-56
2022-02-09T21:58:28Z,2285940,164,2.30000000000000012767564783189300214871764183044433593750,0E-56
2022-02-09T21:57:28Z,2285880,164,3.30000000000000018318679906315082916989922523498535156250,0E-56
2022-02-09T20:24:22Z,2280539,162,0.20000000000000001110223024625156540423631668090820312500,0E-56
2022-02-09T20:23:22Z,2280480,162,1.40000000000000007771561172376095782965421676635742187500,0E-56
2022-02-09T20:22:22Z,2280420,162,2.40000000000000013322676295501878485083580017089843750000,0E-56
2022-02-09T20:21:22Z,2280360,162,3.30000000000000018318679906315082916989922523498535156250,0E-56
2022-02-09T20:20:22Z,2280300,162,3.90000000000000021649348980190552538260817527770996093750,0E-56
2022-02-09T20:19:22Z,2280240,162,4.90000000000000027200464103316335240378975868225097656250,0E-56
2022-02-09T18:49:14Z,2275080,160,0.50000000000000002775557561562891351059079170227050781250,0E-56
2022-02-09T18:48:14Z,2275020,160,1.80000000000000009992007221626408863812685012817382812500,0E-56
2022-02-09T18:47:14Z,2274960,160,2.30000000000000012767564783189300214871764183044433593750,0E-56
2022-02-09T18:46:14Z,2274900,160,3.00000000000000016653345369377348106354475021362304687500,0E-56
2022-02-09T18:45:14Z,2274839,160,4.40000000000000024424906541753443889319896697998046875000,0E-56
2022-02-09T18:44:14Z,2274780,160,5.10000000000000028310687127941491780802607536315917968750,0E-56
2022-02-09T17:14:06Z,2269559,158,1.00000000000000005551115123125782702118158340454101562500,0E-56
2022-02-09T11:10:46Z,2248320,152,-5.40000000000000029976021664879226591438055038452148437500,0E-56
2022-02-09T11:09:46Z,2248260,152,-5.80000000000000032196467714129539672285318374633789062500,0E-56
2022-02-09T11:08:46Z,2248200,152,-5.80000000000000032196467714129539672285318374633789062500,0E-56
2022-02-09T11:07:46Z,2248140,152,-6.20000000000000034416913763379852753132581710815429687500,0E-56
2022-02-09T11:06:46Z,2248080,152,-6.40000000000000035527136788005009293556213378906250000000,0E-56
2022-02-09T11:05:46Z,2248020,152,-6.40000000000000035527136788005009293556213378906250000000,0E-56
2022-02-09T09:38:39Z,2242980,150,-4.30000000000000023869795029440865619108080863952636718750,0E-56
2022-02-09T09:37:39Z,2242920,150,-4.60000000000000025535129566378600429743528366088867187500,0E-56
2022-02-09T09:36:39Z,2242860,150,-4.80000000000000026645352591003756970167160034179687500000,0E-56
2022-02-09T09:35:39Z,2242800,150,-5.50000000000000030531133177191804861649870872497558593750,0E-56
2022-02-09T09:34:39Z,2242740,150,-5.10000000000000028310687127941491780802607536315917968750,0E-56
2022-02-09T09:33:39Z,2242680,150,-5.50000000000000030531133177191804861649870872497558593750,0E-56
2022-02-09T09:32:39Z,2242620,150,-5.50000000000000030531133177191804861649870872497558593750,0E-56
2022-02-09T09:31:39Z,2242560,150,-5.80000000000000032196467714129539672285318374633789062500,0E-56
2022-02-09T08:06:31Z,2237580,149,-2.80000000000000015543122344752191565930843353271484375000,0E-56
2022-02-09T08:05:31Z,2237520,149,-3.20000000000000017763568394002504646778106689453125000000,0E-56
2022-02-09T08:04:31Z,2237460,149,-3.70000000000000020539125955565395997837185859680175781250,0E-56
2022-02-09T08:03:31Z,2237400,149,-4.00000000000000022204460492503130808472633361816406250000,0E-56
2022-02-09T08:02:31Z,2237340,149,-4.50000000000000024980018054066022159531712532043457031250,0E-56
2022-02-09T08:01:31Z,2237280,149,-5.00000000000000027755575615628913510590791702270507812500,0E-56
2022-02-09T08:00:31Z,2237220,149,-5.20000000000000028865798640254070051014423370361328125000,0E-56
2022-02-09T07:59:31Z,2237160,149,-5.60000000000000031086244689504383131861686706542968750000,0E-56
2022-02-09T07:58:31Z,2237100,149,-5.80000000000000032196467714129539672285318374633789062500,0E-56
2022-02-09T07:57:31Z,2237040,149,-5.30000000000000029420910152566648321226239204406738281250,0E-56
2022-02-08T20:35:36Z,2197860,117,1.60000000000000008881784197001252323389053344726562500000,0E-56
2022-02-08T20:34:36Z,2197800,117,2.20000000000000012212453270876721944659948348999023437500,0E-56
2022-02-08T20:33:36Z,2197740,117,2.90000000000000016098233857064769836142659187316894531250,0E-56
2022-02-08T20:32:36Z,2197680,117,4.30000000000000023869795029440865619108080863952636718750,0E-56
2022-02-08T19:00:29Z,2192459,110,1.90000000000000010547118733938987134024500846862792968750,0E-56
2022-02-08T18:59:29Z,2192400,110,2.00000000000000011102230246251565404236316680908203125000,0E-56
2022-02-08T18:57:29Z,2192280,110,4.00000000000000022204460492503130808472633361816406250000,0E-56
2022-02-08T11:23:01Z,2166120,66,-6.00000000000000033306690738754696212708950042724609375000,0E-56
2022-02-08T11:20:59Z,2166000,64,-6.70000000000000037192471324942744104191660881042480468750,0E-56
2022-02-08T11:19:59Z,2165940,64,-6.90000000000000038302694349567900644615292549133300781250,0E-56
2022-02-08T09:43:47Z,2160360,52,-6.10000000000000033861802251067274482920765876770019531250,0E-56
2022-02-08T09:43:47Z,2160360,52,-6.10000000000000033861802251067274482920765876770019531250,0E-56
2022-02-08T08:16:43Z,2155320,47,-4.20000000000000023314683517128287348896265029907226562500,0E-56
2022-02-08T08:15:43Z,2155260,47,-5.40000000000000029976021664879226591438055038452148437500,0E-56
2022-02-08T08:14:42Z,2155200,47,-5.70000000000000031641356201816961402073502540588378906250,0E-56
2022-02-08T08:13:43Z,2155140,47,-5.50000000000000030531133177191804861649870872497558593750,0E-56
2022-02-08T08:12:42Z,2155080,47,-5.80000000000000032196467714129539672285318374633789062500,0E-56
2022-02-08T08:11:42Z,2155020,47,-6.20000000000000034416913763379852753132581710815429687500,0E-56
2022-02-08T06:40:40Z,2149740,38,-5.30000000000000029420910152566648321226239204406738281250,0E-56
2022-02-07T20:48:53Z,2115959,196,1.90000000000000010547118733938987134024500846862792968750,0E-56
2022-02-07T20:47:53Z,2115900,196,2.80000000000000015543122344752191565930843353271484375000,0E-56
2022-02-07T20:46:53Z,2115840,196,3.60000000000000019984014443252817727625370025634765625000,0E-56
2022-02-07T20:45:53Z,2115780,196,4.00000000000000022204460492503130808472633361816406250000,0E-56
2022-02-07T11:34:03Z,2083980,108,-6.40000000000000035527136788005009293556213378906250000000,0E-56
2022-02-07T09:58:00Z,2078460,95,-5.50000000000000030531133177191804861649870872497558593750,0E-56
2022-02-07T09:57:00Z,2078400,95,-5.80000000000000032196467714129539672285318374633789062500,0E-56
2022-02-07T08:31:53Z,2073480,88,-3.70000000000000020539125955565395997837185859680175781250,0E-56
2022-02-07T08:30:53Z,2073419,88,-4.50000000000000024980018054066022159531712532043457031250,0E-56
2022-02-07T08:29:53Z,2073360,88,-4.60000000000000025535129566378600429743528366088867187500,0E-56
2022-02-06T21:02:48Z,2033940,20,1.00000000000000005551115123125782702118158340454101562500,0E-56
2022-02-06T21:01:48Z,2033880,20,2.30000000000000012767564783189300214871764183044433593750,0E-56
2022-02-06T21:00:48Z,2033820,20,2.30000000000000012767564783189300214871764183044433593750,0E-56
2022-02-06T20:59:48Z,2033760,20,3.10000000000000017208456881689926376566290855407714843750,0E-56
2022-02-06T20:58:48Z,2033700,20,3.80000000000000021094237467877974268049001693725585937500,0E-56
2022-02-06T20:57:48Z,2033640,20,4.50000000000000024980018054066022159531712532043457031250,0E-56
2022-02-06T19:27:41Z,2028480,13,1.40000000000000007771561172376095782965421676635742187500,0E-56
2022-02-06T19:26:41Z,2028420,13,2.30000000000000012767564783189300214871764183044433593750,0E-56
2022-02-06T19:25:41Z,2028360,13,2.70000000000000014988010832439613295719027519226074218750,0E-56
2022-02-06T19:24:41Z,2028300,13,3.80000000000000021094237467877974268049001693725585937500,0E-56
2022-02-06T19:23:41Z,2028240,13,4.70000000000000026090241078691178699955344200134277343750,0E-56
2022-02-06T19:22:41Z,2028180,13,5.50000000000000030531133177191804861649870872497558593750,0E-56
2022-02-06T10:15:59Z,1996440,235,-5.20000000000000028865798640254070051014423370361328125000,0E-56
2022-02-06T10:14:59Z,1996380,235,-5.60000000000000031086244689504383131861686706542968750000,0E-56
2022-02-06T10:13:59Z,1996320,235,-5.50000000000000030531133177191804861649870872497558593750,0E-56
2022-02-06T10:12:59Z,1996260,235,-6.10000000000000033861802251067274482920765876770019531250,0E-56
2022-02-06T10:11:59Z,1996200,235,-6.30000000000000034972025275692431023344397544860839843750,0E-56
2022-02-05T21:15:50Z,1951200,199,1.20000000000000006661338147750939242541790008544921875000,0E-56
2022-02-05T21:14:50Z,1951139,199,2.00000000000000011102230246251565404236316680908203125000,0E-56
2022-02-05T21:13:50Z,1951080,199,2.50000000000000013877787807814456755295395851135253906250,0E-56
2022-02-05T21:12:50Z,1951019,199,3.30000000000000018318679906315082916989922523498535156250,0E-56
2022-02-05T21:11:50Z,1950960,199,4.70000000000000026090241078691178699955344200134277343750,0E-56
2022-02-05T19:40:42Z,1945740,196,0.80000000000000004440892098500626161694526672363281250000,0E-56
2022-02-05T19:39:42Z,1945679,196,2.20000000000000012212453270876721944659948348999023437500,0E-56
2022-02-05T19:38:42Z,1945620,196,2.80000000000000015543122344752191565930843353271484375000,0E-56
2022-02-05T19:37:42Z,1945559,196,3.30000000000000018318679906315082916989922523498535156250,0E-56
2022-02-05T19:36:42Z,1945500,196,5.10000000000000028310687127941491780802607536315917968750,0E-56
2022-02-05T18:05:34Z,1940220,192,2.00000000000000011102230246251565404236316680908203125000,0E-56
2022-02-05T18:04:34Z,1940160,192,2.60000000000000014432899320127035025507211685180664062500,0E-56
2022-02-05T12:25:14Z,1920360,180,6.60000000000000036637359812630165833979845046997070312500,0E-56
2022-02-05T12:24:14Z,1920300,180,6.00000000000000033306690738754696212708950042724609375000,0E-56
2022-02-05T12:23:14Z,1920240,180,5.00000000000000027755575615628913510590791702270507812500,0E-56
2022-02-05T12:22:14Z,1920180,180,4.40000000000000024424906541753443889319896697998046875000,0E-56
2022-02-05T12:21:14Z,1920120,180,3.50000000000000019428902930940239457413554191589355468750,0E-56
2022-02-05T12:21:14Z,1920120,180,3.50000000000000019428902930940239457413554191589355468750,0E-56
2022-02-05T10:29:00Z,1913580,174,-5.20000000000000028865798640254070051014423370361328125000,0E-56
2022-02-05T10:28:00Z,1913520,174,-5.60000000000000031086244689504383131861686706542968750000,0E-56
2022-02-05T10:27:00Z,1913460,174,-5.40000000000000029976021664879226591438055038452148437500,0E-56
2022-02-05T10:26:00Z,1913400,174,-5.20000000000000028865798640254070051014423370361328125000,0E-56
2022-02-05T10:25:00Z,1913340,174,-6.10000000000000033861802251067274482920765876770019531250,0E-56
2022-02-05T10:23:00Z,1913220,174,-5.30000000000000029420910152566648321226239204406738281250,0E-56
2022-02-05T08:56:52Z,1908180,173,-3.70000000000000020539125955565395997837185859680175781250,0E-56
2022-02-05T08:55:52Z,1908120,173,-4.30000000000000023869795029440865619108080863952636718750,0E-56
2022-02-05T08:54:52Z,1908060,173,-4.20000000000000023314683517128287348896265029907226562500,0E-56
2022-02-05T08:53:52Z,1908000,173,-4.30000000000000023869795029440865619108080863952636718750,0E-56
2022-02-05T08:52:52Z,1907940,173,-4.90000000000000027200464103316335240378975868225097656250,0E-56
2022-02-05T08:51:52Z,1907880,173,-5.20000000000000028865798640254070051014423370361328125000,0E-56
2022-02-05T08:50:52Z,1907820,173,-5.00000000000000027755575615628913510590791702270507812500,0E-56
2022-02-05T08:49:52Z,1907760,173,-5.20000000000000028865798640254070051014423370361328125000,0E-56
2022-02-05T07:22:52Z,1902660,172,-4.10000000000000022759572004815709078684449195861816406250,0E-56
2022-02-05T07:21:52Z,1902600,172,-4.50000000000000024980018054066022159531712532043457031250,0E-56
2022-02-05T07:19:52Z,1902480,172,-5.10000000000000028310687127941491780802607536315917968750,0E-56
2022-02-05T07:17:52Z,1902360,172,-6.00000000000000033306690738754696212708950042724609375000,0E-56
2022-02-05T07:16:52Z,1902300,172,-6.30000000000000034972025275692431023344397544860839843750,0E-56
2022-02-04T21:27:58Z,1868220,152,2.00000000000000011102230246251565404236316680908203125000,0E-56
2022-02-04T21:26:58Z,1868160,152,3.10000000000000017208456881689926376566290855407714843750,0E-56
2022-02-04T19:53:47Z,1862819,145,1.10000000000000006106226635438360972329974174499511718750,0E-56
2022-02-04T19:52:47Z,1862759,145,2.00000000000000011102230246251565404236316680908203125000,0E-56
2022-02-04T19:51:47Z,1862700,145,3.40000000000000018873791418627661187201738357543945312500,0E-56
2022-02-04T19:50:47Z,1862640,145,3.60000000000000019984014443252817727625370025634765625000,0E-56
2022-02-04T19:49:47Z,1862580,145,4.40000000000000024424906541753443889319896697998046875000,0E-56
2022-02-04T18:18:41Z,1857360,140,1.40000000000000007771561172376095782965421676635742187500,0E-56
2022-02-04T18:17:41Z,1857300,140,2.90000000000000016098233857064769836142659187316894531250,0E-56
2022-02-04T18:15:41Z,1857180,140,3.70000000000000020539125955565395997837185859680175781250,0E-56
2022-02-04T16:44:35Z,1851960,133,0.50000000000000002775557561562891351059079170227050781250,0E-56
2022-02-04T12:39:25Z,1837680,116,7.30000000000000040523140398818213725462555885314941406250,0E-56
2022-02-04T12:38:25Z,1837620,116,5.90000000000000032751579226442117942497134208679199218750,0E-56
2022-02-04T12:37:25Z,1837560,116,5.50000000000000030531133177191804861649870872497558593750,0E-56
2022-02-04T12:36:25Z,1837500,116,5.10000000000000028310687127941491780802607536315917968750,0E-56
2022-02-04T12:35:25Z,1837440,116,4.30000000000000023869795029440865619108080863952636718750,0E-56
2022-02-04T12:34:25Z,1837380,116,3.50000000000000019428902930940239457413554191589355468750,0E-56
2022-02-04T12:34:25Z,1837380,116,3.50000000000000019428902930940239457413554191589355468750,0E-56
2022-02-04T10:42:07Z,1830900,102,-4.80000000000000026645352591003756970167160034179687500000,0E-56
2022-02-04T10:41:07Z,1830840,102,-5.20000000000000028865798640254070051014423370361328125000,0E-56
2022-02-04T07:34:58Z,1819979,89,-4.40000000000000024424906541753443889319896697998046875000,0E-56
2022-02-04T07:33:58Z,1819919,89,-4.60000000000000025535129566378600429743528366088867187500,0E-56
2022-02-04T07:32:58Z,1819859,89,-5.30000000000000029420910152566648321226239204406738281250,0E-56
2022-02-04T07:31:58Z,1819800,89,-5.20000000000000028865798640254070051014423370361328125000,0E-56
2022-02-04T07:29:58Z,1819680,89,-5.80000000000000032196467714129539672285318374633789062500,0E-56
2022-02-04T07:27:58Z,1819560,89,-6.10000000000000033861802251067274482920765876770019531250,0E-56
2022-02-03T21:42:10Z,1785720,16,1.20000000000000006661338147750939242541790008544921875000,0E-56
2022-02-03T21:41:10Z,1785660,16,2.40000000000000013322676295501878485083580017089843750000,0E-56
2022-02-03T21:40:10Z,1785600,16,3.20000000000000017763568394002504646778106689453125000000,0E-56
2022-02-03T21:39:10Z,1785540,16,4.10000000000000022759572004815709078684449195861816406250,0E-56
2022-02-03T20:07:03Z,1780259,255,1.30000000000000007216449660063517512753605842590332031250,0E-56
2022-02-03T20:06:03Z,1780200,255,1.70000000000000009436895709313830593600869178771972656250,0E-56
2022-02-03T20:05:03Z,1780140,255,2.70000000000000014988010832439613295719027519226074218750,0E-56
2022-02-03T20:04:03Z,1780079,255,4.00000000000000022204460492503130808472633361816406250000,0E-56
2022-02-03T20:03:03Z,1780020,255,4.30000000000000023869795029440865619108080863952636718750,0E-56
2022-02-03T20:02:03Z,1779959,255,5.30000000000000029420910152566648321226239204406738281250,0E-56
2022-02-03T20:01:03Z,1779900,255,6.30000000000000034972025275692431023344397544860839843750,0E-56
2022-02-03T20:00:03Z,1779840,255,7.10000000000000039412917374193057185038924217224121093750,0E-56
2022-02-02T13:02:24Z,1672740,52,4.80000000000000026645352591003756970167160034179687500000,0E-56
2022-02-02T13:01:24Z,1672680,52,3.90000000000000021649348980190552538260817527770996093750,0E-56
2022-02-02T13:00:24Z,1672619,52,3.60000000000000019984014443252817727625370025634765625000,0E-56
2022-02-02T12:57:24Z,1672440,52,1.20000000000000006661338147750939242541790008544921875000,0E-56
2022-02-02T12:57:24Z,1672440,52,1.20000000000000006661338147750939242541790008544921875000,0E-56
2022-02-01T12:29:06Z,1587420,229,8.70000000000000048294701571194309508427977561950683593750,0E-56
2022-02-01T01:53:20Z,1549920,223,-3.80000000000000021094237467877974268049001693725585937500,0E-56
2022-01-31T13:31:17Z,1506180,214,9.10000000000000050515147620444622589275240898132324218750,0E-56
2022-01-31T13:24:17Z,1505760,214,3.80000000000000021094237467877974268049001693725585937500,0E-56
2022-01-31T12:43:10Z,1503360,213,8.80000000000000048849813083506887778639793395996093750000,0E-56
2022-01-31T12:43:10Z,1503360,213,8.80000000000000048849813083506887778639793395996093750000,0E-56
2022-01-31T11:55:09Z,1500479,213,8.70000000000000048294701571194309508427977561950683593750,0E-56
2022-01-31T11:51:09Z,1500240,213,6.30000000000000034972025275692431023344397544860839843750,0E-56
2022-01-31T11:51:09Z,1500240,213,6.30000000000000034972025275692431023344397544860839843750,0E-56
2022-01-29T12:21:57Z,1329360,209,12.30000000000000068278716014447127236053347587585449218750,0E-56
2022-01-29T12:20:57Z,1329300,209,11.40000000000000063282712403633922804147005081176757812500,0E-56
2022-01-29T12:17:57Z,1329120,209,9.60000000000000053290705182007513940334320068359375000000,0E-56
2022-01-29T12:16:57Z,1329060,209,8.40000000000000046629367034256574697792530059814453125000,0E-56
2022-01-29T12:15:57Z,1329000,209,7.70000000000000042743586448068526806309819221496582031250,0E-56
2022-01-29T12:14:57Z,1328940,209,7.20000000000000039968028886505635455250740051269531250000,0E-56
2022-01-29T12:14:57Z,1328940,209,7.20000000000000039968028886505635455250740051269531250000,0E-56
2022-01-28T18:17:55Z,1264320,209,2.80000000000000015543122344752191565930843353271484375000,0E-56
2022-01-28T18:16:55Z,1264260,209,3.80000000000000021094237467877974268049001693725585937500,0E-56
2022-01-28T18:15:55Z,1264200,209,4.40000000000000024424906541753443889319896697998046875000,0E-56
2022-01-28T18:14:55Z,1264140,209,5.10000000000000028310687127941491780802607536315917968750,0E-56
2022-01-28T18:13:55Z,1264080,209,6.60000000000000036637359812630165833979845046997070312500,0E-56
2022-01-28T18:12:55Z,1264020,209,7.50000000000000041633363423443370265886187553405761718750,0E-56
2022-01-28T18:11:55Z,1263960,209,8.10000000000000044964032497318839887157082557678222656250,0E-56
2022-01-28T18:10:55Z,1263899,209,9.50000000000000052735593669694935670122504234313964843750,0E-56
2022-01-28T16:42:55Z,1258619,209,2.40000000000000013322676295501878485083580017089843750000,0E-56
2022-01-28T16:41:55Z,1258560,209,3.70000000000000020539125955565395997837185859680175781250,0E-56
2022-01-28T16:40:55Z,1258500,209,4.10000000000000022759572004815709078684449195861816406250,0E-56
2022-01-28T16:39:55Z,1258440,209,5.50000000000000030531133177191804861649870872497558593750,0E-56
2022-01-28T16:38:55Z,1258379,209,6.30000000000000034972025275692431023344397544860839843750,0E-56
2022-01-28T12:32:55Z,1243620,209,12.00000000000000066613381477509392425417900085449218750000,0E-56
2022-01-28T12:31:55Z,1243560,209,11.10000000000000061617377866696187993511557579040527343750,0E-56
2022-01-28T12:30:55Z,1243499,209,10.50000000000000058286708792820718372240662574768066406250,0E-56
2022-01-28T12:29:55Z,1243439,209,9.20000000000000051070259132757200859487056732177734375000,0E-56
2022-01-28T12:28:55Z,1243380,209,8.90000000000000049404924595819466048851609230041503906250,0E-56
2022-01-28T11:47:46Z,1240920,209,11.70000000000000064948046940571657614782452583312988281250,0E-56
2022-01-28T11:46:46Z,1240860,209,12.90000000000000071609385088322596857324242591857910156250,0E-56
2022-01-28T11:46:46Z,1240860,209,12.90000000000000071609385088322596857324242591857910156250,0E-56
2022-01-28T10:37:54Z,1236720,209,-0.60000000000000003330669073875469621270895004272460937500,0E-56
2022-01-28T10:36:54Z,1236660,209,-1.20000000000000006661338147750939242541790008544921875000,0E-56
2022-01-28T10:35:54Z,1236599,209,-1.20000000000000006661338147750939242541790008544921875000,0E-56
2022-01-28T10:34:54Z,1236540,209,-1.60000000000000008881784197001252323389053344726562500000,0E-56
2022-01-28T10:33:54Z,1236479,209,-1.50000000000000008326672684688674053177237510681152343750,0E-56
2022-01-28T10:32:54Z,1236420,209,-2.00000000000000011102230246251565404236316680908203125000,0E-56
2022-01-28T10:31:54Z,1236359,209,-2.00000000000000011102230246251565404236316680908203125000,0E-56
2022-01-28T10:30:54Z,1236299,209,-1.20000000000000006661338147750939242541790008544921875000,0E-56
2022-01-28T08:58:54Z,1230780,209,-1.70000000000000009436895709313830593600869178771972656250,0E-56
2022-01-28T07:30:54Z,1225500,209,0.50000000000000002775557561562891351059079170227050781250,0E-56
2022-01-28T07:27:54Z,1225320,209,-0.70000000000000003885780586188047891482710838317871093750,0E-56
2022-01-28T07:26:54Z,1225260,209,-1.20000000000000006661338147750939242541790008544921875000,0E-56
2022-01-28T07:25:54Z,1225200,209,-1.70000000000000009436895709313830593600869178771972656250,0E-56
2022-01-28T07:24:54Z,1225140,209,-1.90000000000000010547118733938987134024500846862792968750,0E-56
2022-01-28T07:23:54Z,1225080,209,-1.60000000000000008881784197001252323389053344726562500000,0E-56
2022-01-28T07:22:54Z,1225020,209,-2.00000000000000011102230246251565404236316680908203125000,0E-56
2022-01-27T21:38:52Z,1189979,207,4.00000000000000022204460492503130808472633361816406250000,0E-56
2022-01-27T21:37:52Z,1189919,207,4.70000000000000026090241078691178699955344200134277343750,0E-56
2022-01-27T21:36:52Z,1189860,207,6.10000000000000033861802251067274482920765876770019531250,0E-56
2022-01-27T21:35:52Z,1189799,207,7.00000000000000038857805861880478914827108383178710937500,0E-56
2022-01-27T21:34:52Z,1189740,207,7.70000000000000042743586448068526806309819221496582031250,0E-56
2022-01-27T21:33:52Z,1189680,207,8.70000000000000048294701571194309508427977561950683593750,0E-56
2022-01-27T20:05:52Z,1184399,207,2.40000000000000013322676295501878485083580017089843750000,0E-56
2022-01-27T20:04:52Z,1184340,207,3.00000000000000016653345369377348106354475021362304687500,0E-56
2022-01-27T20:03:52Z,1184280,207,3.80000000000000021094237467877974268049001693725585937500,0E-56
2022-01-27T20:02:52Z,1184219,207,5.20000000000000028865798640254070051014423370361328125000,0E-56
2022-01-27T20:01:52Z,1184160,207,5.90000000000000032751579226442117942497134208679199218750,0E-56
2022-01-27T20:00:52Z,1184099,207,6.90000000000000038302694349567900644615292549133300781250,0E-56
2022-01-27T19:59:52Z,1184040,207,7.80000000000000043298697960381105076521635055541992187500,0E-56
2022-01-27T19:58:52Z,1183980,207,8.70000000000000048294701571194309508427977561950683593750,0E-56
2022-01-27T19:57:52Z,1183920,207,9.70000000000000053845816694320092210546135902404785156250,0E-56
2022-01-27T19:56:52Z,1183860,207,10.30000000000000057176485768195561831817030906677246093750,0E-56
2022-01-27T18:31:52Z,1178760,207,1.10000000000000006106226635438360972329974174499511718750,0E-56
2022-01-27T18:30:52Z,1178700,207,2.40000000000000013322676295501878485083580017089843750000,0E-56
2022-01-27T18:29:52Z,1178639,207,3.00000000000000016653345369377348106354475021362304687500,0E-56
2022-01-27T18:28:52Z,1178580,207,3.90000000000000021649348980190552538260817527770996093750,0E-56
2022-01-27T18:27:52Z,1178520,207,4.90000000000000027200464103316335240378975868225097656250,0E-56
2022-01-27T18:26:52Z,1178460,207,6.20000000000000034416913763379852753132581710815429687500,0E-56
2022-01-27T18:25:52Z,1178399,207,7.10000000000000039412917374193057185038924217224121093750,0E-56
2022-01-27T18:24:52Z,1178340,207,7.80000000000000043298697960381105076521635055541992187500,0E-56
2022-01-27T18:22:52Z,1178219,207,10.00000000000000055511151231257827021181583404541015625000,0E-56
2022-01-27T18:21:52Z,1178159,207,10.90000000000000060507154842071031453087925910949707031250,0E-56
2022-01-27T16:55:51Z,1173000,207,3.20000000000000017763568394002504646778106689453125000000,0E-56
2022-01-27T16:53:51Z,1172880,207,4.80000000000000026645352591003756970167160034179687500000,0E-56
2022-01-27T16:52:51Z,1172820,207,5.60000000000000031086244689504383131861686706542968750000,0E-56
2022-01-27T12:46:51Z,1158060,207,12.70000000000000070499162063697440316900610923767089843750,0E-56
2022-01-27T12:44:51Z,1157940,207,11.50000000000000063837823915946501074358820915222167968750,0E-56
2022-01-27T12:43:51Z,1157880,207,10.70000000000000059396931817445874912664294242858886718750,0E-56
2022-01-27T12:42:51Z,1157820,207,9.70000000000000053845816694320092210546135902404785156250,0E-56
2022-01-27T12:41:51Z,1157760,207,8.90000000000000049404924595819466048851609230041503906250,0E-56
2022-01-27T12:40:51Z,1157700,207,8.40000000000000046629367034256574697792530059814453125000,0E-56
2022-01-27T12:39:51Z,1157640,207,7.20000000000000039968028886505635455250740051269531250000,0E-56
2022-01-27T11:59:45Z,1155239,207,12.50000000000000069388939039072283776476979255676269531250,0E-56
2022-01-27T11:58:45Z,1155180,207,13.50000000000000074940054162198066478595137596130371093750,0E-56
2022-01-27T11:58:45Z,1155180,207,13.50000000000000074940054162198066478595137596130371093750,0E-56
2022-01-27T10:49:51Z,1151040,207,-1.10000000000000006106226635438360972329974174499511718750,0E-56
2022-01-27T10:48:51Z,1150980,207,-1.50000000000000008326672684688674053177237510681152343750,0E-56
2022-01-27T10:47:51Z,1150920,207,-1.50000000000000008326672684688674053177237510681152343750,0E-56
2022-01-27T10:46:51Z,1150860,207,-1.30000000000000007216449660063517512753605842590332031250,0E-56
2022-01-27T09:17:51Z,1145520,207,0.50000000000000002775557561562891351059079170227050781250,0E-56
2022-01-27T09:16:51Z,1145460,207,0.60000000000000003330669073875469621270895004272460937500,0E-56
2022-01-27T09:15:51Z,1145400,207,-0.20000000000000001110223024625156540423631668090820312500,0E-56
2022-01-27T09:14:51Z,1145340,207,-0.50000000000000002775557561562891351059079170227050781250,0E-56
2022-01-27T09:13:51Z,1145279,207,-0.60000000000000003330669073875469621270895004272460937500,0E-56
2022-01-27T09:12:51Z,1145220,207,-1.50000000000000008326672684688674053177237510681152343750,0E-56
2022-01-27T09:11:51Z,1145160,207,-1.30000000000000007216449660063517512753605842590332031250,0E-56
2022-01-27T07:43:51Z,1139880,207,0.30000000000000001665334536937734810635447502136230468750,0E-56
2022-01-27T07:40:51Z,1139700,207,-0.70000000000000003885780586188047891482710838317871093750,0E-56
2022-01-27T07:39:51Z,1139640,207,-1.00000000000000005551115123125782702118158340454101562500,0E-56
2022-01-27T07:38:51Z,1139580,207,-1.50000000000000008326672684688674053177237510681152343750,0E-56
2022-01-27T07:37:50Z,1139520,207,-1.60000000000000008881784197001252323389053344726562500000,0E-56
2022-01-27T07:36:51Z,1139460,207,-1.60000000000000008881784197001252323389053344726562500000,0E-56
2022-01-26T21:51:48Z,1104360,206,4.10000000000000022759572004815709078684449195861816406250,0E-56
2022-01-26T21:50:48Z,1104300,206,5.30000000000000029420910152566648321226239204406738281250,0E-56
2022-01-26T21:49:48Z,1104240,206,6.20000000000000034416913763379852753132581710815429687500,0E-56
2022-01-26T21:48:48Z,1104179,206,7.10000000000000039412917374193057185038924217224121093750,0E-56
2022-01-26T21:46:48Z,1104060,206,8.50000000000000047184478546569152968004345893859863281250,0E-56
2022-01-26T20:18:48Z,1098780,206,2.00000000000000011102230246251565404236316680908203125000,0E-56
2022-01-26T20:17:48Z,1098720,206,2.90000000000000016098233857064769836142659187316894531250,0E-56
2022-01-26T20:15:48Z,1098600,206,4.30000000000000023869795029440865619108080863952636718750,0E-56
2022-01-26T20:14:48Z,1098540,206,5.30000000000000029420910152566648321226239204406738281250,0E-56
2022-01-26T20:13:48Z,1098480,206,6.20000000000000034416913763379852753132581710815429687500,0E-56
2022-01-26T20:12:48Z,1098420,206,6.90000000000000038302694349567900644615292549133300781250,0E-56
2022-01-26T20:11:48Z,1098360,206,8.00000000000000044408920985006261616945266723632812500000,0E-56
2022-01-26T20:10:48Z,1098300,206,8.70000000000000048294701571194309508427977561950683593750,0E-56
2022-01-26T20:09:48Z,1098240,206,10.00000000000000055511151231257827021181583404541015625000,0E-56
2022-01-26T18:44:48Z,1093139,206,1.20000000000000006661338147750939242541790008544921875000,0E-56
2022-01-26T18:42:48Z,1093020,206,2.70000000000000014988010832439613295719027519226074218750,0E-56
2022-01-26T18:41:48Z,1092959,206,4.10000000000000022759572004815709078684449195861816406250,0E-56
2022-01-26T18:40:48Z,1092900,206,4.60000000000000025535129566378600429743528366088867187500,0E-56
2022-01-26T18:39:48Z,1092840,206,5.50000000000000030531133177191804861649870872497558593750,0E-56
2022-01-26T18:38:48Z,1092780,206,6.60000000000000036637359812630165833979845046997070312500,0E-56
2022-01-26T18:37:48Z,1092720,206,7.50000000000000041633363423443370265886187553405761718750,0E-56
2022-01-26T18:36:48Z,1092659,206,8.10000000000000044964032497318839887157082557678222656250,0E-56
2022-01-26T18:35:48Z,1092600,206,8.80000000000000048849813083506887778639793395996093750000,0E-56
2022-01-26T17:08:48Z,1087380,206,1.50000000000000008326672684688674053177237510681152343750,0E-56
2022-01-26T17:07:48Z,1087320,206,2.80000000000000015543122344752191565930843353271484375000,0E-56
2022-01-26T17:06:48Z,1087260,206,3.50000000000000019428902930940239457413554191589355468750,0E-56
2022-01-26T17:04:48Z,1087139,206,5.50000000000000030531133177191804861649870872497558593750,0E-56
2022-01-26T17:03:48Z,1087080,206,6.40000000000000035527136788005009293556213378906250000000,0E-56
2022-01-26T17:02:48Z,1087020,206,7.20000000000000039968028886505635455250740051269531250000,0E-56
2022-01-26T12:59:47Z,1072440,206,11.60000000000000064392935428259079344570636749267578125000,0E-56
2022-01-26T12:57:47Z,1072320,206,10.20000000000000056621374255882983561605215072631835937500,0E-56
2022-01-26T12:56:47Z,1072260,206,9.60000000000000053290705182007513940334320068359375000000,0E-56
2022-01-26T12:55:47Z,1072200,206,8.60000000000000047739590058881731238216161727905273437500,0E-56
2022-01-26T12:54:47Z,1072140,206,7.30000000000000040523140398818213725462555885314941406250,0E-56
2022-01-26T12:53:47Z,1072080,206,7.00000000000000038857805861880478914827108383178710937500,0E-56
2022-01-26T12:52:48Z,1072020,206,6.60000000000000036637359812630165833979845046997070312500,0E-56
2022-01-26T12:52:48Z,1072020,206,6.60000000000000036637359812630165833979845046997070312500,0E-56
2022-01-26T11:02:47Z,1065420,206,-1.30000000000000007216449660063517512753605842590332031250,0E-56
2022-01-26T11:01:47Z,1065359,206,-1.50000000000000008326672684688674053177237510681152343750,0E-56
2022-01-26T11:00:47Z,1065300,206,-2.30000000000000012767564783189300214871764183044433593750,0E-56
2022-01-26T10:59:47Z,1065240,206,-2.20000000000000012212453270876721944659948348999023437500,0E-56
2022-01-26T10:58:47Z,1065180,206,-2.00000000000000011102230246251565404236316680908203125000,0E-56
2022-01-26T09:29:47Z,1059840,206,-0.90000000000000004996003610813204431906342506408691406250,0E-56
2022-01-26T09:28:47Z,1059779,206,-1.00000000000000005551115123125782702118158340454101562500,0E-56
2022-01-26T09:27:47Z,1059719,206,-1.30000000000000007216449660063517512753605842590332031250,0E-56
2022-01-26T09:26:47Z,1059660,206,-1.60000000000000008881784197001252323389053344726562500000,0E-56
2022-01-26T09:25:47Z,1059600,206,-2.00000000000000011102230246251565404236316680908203125000,0E-56
2022-01-26T09:23:47Z,1059480,206,-2.20000000000000012212453270876721944659948348999023437500,0E-56
2022-01-26T09:21:47Z,1059359,206,-2.20000000000000012212453270876721944659948348999023437500,0E-56
2022-01-26T07:55:47Z,1054200,206,-1.20000000000000006661338147750939242541790008544921875000,0E-56
2022-01-26T07:54:47Z,1054140,206,-1.20000000000000006661338147750939242541790008544921875000,0E-56
2022-01-26T07:52:47Z,1054020,206,-1.70000000000000009436895709313830593600869178771972656250,0E-56
2022-01-26T07:51:47Z,1053960,206,-2.30000000000000012767564783189300214871764183044433593750,0E-56
2022-01-26T07:50:47Z,1053900,206,-2.70000000000000014988010832439613295719027519226074218750,0E-56
2022-01-26T07:49:47Z,1053840,206,-2.80000000000000015543122344752191565930843353271484375000,0E-56
2022-01-26T07:48:47Z,1053780,206,-3.10000000000000017208456881689926376566290855407714843750,0E-56
2022-01-26T07:47:47Z,1053720,206,-2.80000000000000015543122344752191565930843353271484375000,0E-56
2022-01-26T06:16:47Z,1048259,206,-2.20000000000000012212453270876721944659948348999023437500,0E-56
2022-01-25T18:56:45Z,1007459,206,1.30000000000000007216449660063517512753605842590332031250,0E-56
2022-01-25T18:55:45Z,1007399,206,2.40000000000000013322676295501878485083580017089843750000,0E-56
2022-01-25T18:54:45Z,1007340,206,2.50000000000000013877787807814456755295395851135253906250,0E-56
2022-01-25T18:53:45Z,1007280,206,3.50000000000000019428902930940239457413554191589355468750,0E-56
2022-01-25T18:52:45Z,1007220,206,4.20000000000000023314683517128287348896265029907226562500,0E-56
2022-01-25T18:51:45Z,1007160,206,5.60000000000000031086244689504383131861686706542968750000,0E-56
2022-01-25T18:50:45Z,1007100,206,6.60000000000000036637359812630165833979845046997070312500,0E-56
2022-01-25T18:49:45Z,1007039,206,7.00000000000000038857805861880478914827108383178710937500,0E-56
2022-01-25T18:48:45Z,1006980,206,8.10000000000000044964032497318839887157082557678222656250,0E-56
2022-01-25T18:47:45Z,1006920,206,9.30000000000000051625370645069779129698872566223144531250,0E-56
2022-01-25T17:20:45Z,1001700,206,2.40000000000000013322676295501878485083580017089843750000,0E-56
2022-01-25T17:19:45Z,1001640,206,2.90000000000000016098233857064769836142659187316894531250,0E-56
2022-01-25T17:18:45Z,1001580,206,4.00000000000000022204460492503130808472633361816406250000,0E-56
2022-01-25T11:14:45Z,979740,206,-3.10000000000000017208456881689926376566290855407714843750,0E-56
2022-01-25T11:13:45Z,979680,206,-3.70000000000000020539125955565395997837185859680175781250,0E-56
2022-01-25T11:12:45Z,979620,206,-3.40000000000000018873791418627661187201738357543945312500,0E-56
2022-01-25T11:11:45Z,979560,206,-4.20000000000000023314683517128287348896265029907226562500,0E-56
2022-01-25T09:42:45Z,974220,206,-2.20000000000000012212453270876721944659948348999023437500,0E-56
2022-01-25T09:41:45Z,974159,206,-2.40000000000000013322676295501878485083580017089843750000,0E-56
2022-01-25T09:40:45Z,974100,206,-3.50000000000000019428902930940239457413554191589355468750,0E-56
2022-01-25T09:39:45Z,974040,206,-3.10000000000000017208456881689926376566290855407714843750,0E-56
2022-01-25T09:38:45Z,973979,206,-3.90000000000000021649348980190552538260817527770996093750,0E-56
2022-01-25T09:37:45Z,973919,206,-3.50000000000000019428902930940239457413554191589355468750,0E-56
2022-01-25T09:36:45Z,973860,206,-3.70000000000000020539125955565395997837185859680175781250,0E-56
2022-01-25T09:34:45Z,973739,206,-3.80000000000000021094237467877974268049001693725585937500,0E-56
2022-01-25T08:09:45Z,968640,206,-1.50000000000000008326672684688674053177237510681152343750,0E-56
2022-01-25T08:07:45Z,968519,206,-2.50000000000000013877787807814456755295395851135253906250,0E-56
2022-01-25T08:06:45Z,968460,206,-3.10000000000000017208456881689926376566290855407714843750,0E-56
2022-01-25T08:05:45Z,968400,206,-3.30000000000000018318679906315082916989922523498535156250,0E-56
2022-01-25T08:04:45Z,968340,206,-3.30000000000000018318679906315082916989922523498535156250,0E-56
2022-01-25T08:03:45Z,968280,206,-3.50000000000000019428902930940239457413554191589355468750,0E-56
2022-01-25T08:02:45Z,968220,206,-4.00000000000000022204460492503130808472633361816406250000,0E-56
2022-01-25T08:01:45Z,968160,206,-4.00000000000000022204460492503130808472633361816406250000,0E-56
2022-01-25T06:30:44Z,962699,206,-2.80000000000000015543122344752191565930843353271484375000,0E-56
2022-01-25T06:29:44Z,962640,206,-3.20000000000000017763568394002504646778106689453125000000,0E-56
2022-01-25T06:27:44Z,962519,206,-4.00000000000000022204460492503130808472633361816406250000,0E-56
2022-01-25T06:26:44Z,962460,206,-3.60000000000000019984014443252817727625370025634765625000,0E-56
2022-01-24T20:44:17Z,927540,203,-0.10000000000000000555111512312578270211815834045410156250,0E-56
2022-01-24T20:43:17Z,927480,203,0.70000000000000003885780586188047891482710838317871093750,0E-56
2022-01-24T20:42:17Z,927419,203,1.60000000000000008881784197001252323389053344726562500000,0E-56
2022-01-24T20:41:17Z,927360,203,2.30000000000000012767564783189300214871764183044433593750,0E-56
2022-01-24T20:40:17Z,927300,203,3.20000000000000017763568394002504646778106689453125000000,0E-56
2022-01-24T20:39:17Z,927240,203,4.10000000000000022759572004815709078684449195861816406250,0E-56
2022-01-24T20:38:17Z,927180,203,5.10000000000000028310687127941491780802607536315917968750,0E-56
2022-01-24T20:37:17Z,927120,203,5.90000000000000032751579226442117942497134208679199218750,0E-56
2022-01-24T20:36:17Z,927060,203,6.70000000000000037192471324942744104191660881042480468750,0E-56
2022-01-24T19:09:49Z,921900,202,-0.60000000000000003330669073875469621270895004272460937500,0E-56
2022-01-24T19:08:49Z,921839,202,0.20000000000000001110223024625156540423631668090820312500,0E-56
2022-01-24T19:05:49Z,921660,202,2.60000000000000014432899320127035025507211685180664062500,0E-56
2022-01-24T19:03:49Z,921539,202,4.70000000000000026090241078691178699955344200134277343750,0E-56
2022-01-24T19:02:49Z,921480,202,5.70000000000000031641356201816961402073502540588378906250,0E-56
2022-01-24T19:01:49Z,921419,202,6.50000000000000036082248300317587563768029212951660156250,0E-56
2022-01-24T19:00:49Z,921360,202,7.60000000000000042188474935755948536098003387451171875000,0E-56
2022-01-24T17:33:49Z,916140,202,0.60000000000000003330669073875469621270895004272460937500,0E-56
2022-01-24T17:32:49Z,916080,202,1.30000000000000007216449660063517512753605842590332031250,0E-56
2022-01-24T17:31:49Z,916020,202,2.50000000000000013877787807814456755295395851135253906250,0E-56
2022-01-24T17:30:49Z,915960,202,3.20000000000000017763568394002504646778106689453125000000,0E-56
2022-01-24T17:29:49Z,915900,202,4.00000000000000022204460492503130808472633361816406250000,0E-56
2022-01-24T17:28:49Z,915840,202,5.00000000000000027755575615628913510590791702270507812500,0E-56
2022-01-24T17:26:49Z,915720,202,6.70000000000000037192471324942744104191660881042480468750,0E-56
2022-01-24T13:25:43Z,901320,201,7.90000000000000043853809472693683346733450889587402343750,0E-56
2022-01-24T13:23:43Z,901199,201,6.60000000000000036637359812630165833979845046997070312500,0E-56
2022-01-24T13:22:43Z,901140,201,6.20000000000000034416913763379852753132581710815429687500,0E-56
2022-01-24T13:21:43Z,901080,201,5.30000000000000029420910152566648321226239204406738281250,0E-56
2022-01-24T13:20:43Z,901020,201,5.00000000000000027755575615628913510590791702270507812500,0E-56
2022-01-24T13:19:43Z,900960,201,3.80000000000000021094237467877974268049001693725585937500,0E-56
2022-01-24T11:50:34Z,895620,200,7.80000000000000043298697960381105076521635055541992187500,0E-56
2022-01-24T11:49:34Z,895560,200,7.50000000000000041633363423443370265886187553405761718750,0E-56
2022-01-24T11:47:34Z,895440,200,6.20000000000000034416913763379852753132581710815429687500,0E-56
2022-01-24T11:46:34Z,895380,200,5.70000000000000031641356201816961402073502540588378906250,0E-56
2022-01-24T11:46:34Z,895380,200,5.70000000000000031641356201816961402073502540588378906250,0E-56
2022-01-24T11:26:34Z,894179,200,-5.40000000000000029976021664879226591438055038452148437500,0E-56
2022-01-24T11:25:34Z,894120,200,-5.30000000000000029420910152566648321226239204406738281250,0E-56
2022-01-24T11:23:34Z,894000,200,-5.20000000000000028865798640254070051014423370361328125000,0E-56
2022-01-24T11:22:34Z,893939,200,-5.30000000000000029420910152566648321226239204406738281250,0E-56
2022-01-24T09:55:24Z,888719,199,-3.70000000000000020539125955565395997837185859680175781250,0E-56
2022-01-24T09:54:24Z,888660,199,-4.50000000000000024980018054066022159531712532043457031250,0E-56
2022-01-24T09:53:24Z,888600,199,-4.30000000000000023869795029440865619108080863952636718750,0E-56
2022-01-24T09:52:24Z,888540,199,-5.20000000000000028865798640254070051014423370361328125000,0E-56
2022-01-24T09:51:24Z,888480,199,-4.90000000000000027200464103316335240378975868225097656250,0E-56
2022-01-24T09:50:24Z,888420,199,-4.90000000000000027200464103316335240378975868225097656250,0E-56
2022-01-24T09:49:24Z,888360,199,-5.20000000000000028865798640254070051014423370361328125000,0E-56
2022-01-24T09:48:24Z,888300,199,-4.90000000000000027200464103316335240378975868225097656250,0E-56
2022-01-24T08:20:07Z,883020,198,-4.40000000000000024424906541753443889319896697998046875000,0E-56
2022-01-24T08:19:07Z,882959,198,-4.10000000000000022759572004815709078684449195861816406250,0E-56
2022-01-24T08:16:07Z,882779,198,-5.20000000000000028865798640254070051014423370361328125000,0E-56
2022-01-24T08:12:07Z,882540,198,-4.80000000000000026645352591003756970167160034179687500000,0E-56
2022-01-24T06:45:07Z,877320,198,-3.80000000000000021094237467877974268049001693725585937500,0E-56
2022-01-24T06:43:07Z,877199,198,-4.40000000000000024424906541753443889319896697998046875000,0E-56
2022-01-24T06:42:07Z,877140,198,-4.90000000000000027200464103316335240378975868225097656250,0E-56
2022-01-23T20:56:12Z,842339,191,0.50000000000000002775557561562891351059079170227050781250,0E-56
2022-01-23T20:55:12Z,842280,191,1.20000000000000006661338147750939242541790008544921875000,0E-56
2022-01-23T20:54:12Z,842220,191,2.10000000000000011657341758564143674448132514953613281250,0E-56
2022-01-23T20:53:12Z,842160,191,3.00000000000000016653345369377348106354475021362304687500,0E-56
2022-01-23T20:52:12Z,842100,191,3.70000000000000020539125955565395997837185859680175781250,0E-56
2022-01-23T20:51:12Z,842039,191,4.20000000000000023314683517128287348896265029907226562500,0E-56
2022-01-23T20:50:12Z,841980,191,5.30000000000000029420910152566648321226239204406738281250,0E-56
2022-01-23T20:49:12Z,841920,191,6.40000000000000035527136788005009293556213378906250000000,0E-56
2022-01-23T20:48:12Z,841860,191,7.20000000000000039968028886505635455250740051269531250000,0E-56
2022-01-23T19:22:00Z,836760,190,-0.40000000000000002220446049250313080847263336181640625000,0E-56
2022-01-23T19:21:00Z,836699,190,0.50000000000000002775557561562891351059079170227050781250,0E-56
2022-01-23T19:20:00Z,836639,190,1.20000000000000006661338147750939242541790008544921875000,0E-56
2022-01-23T19:17:00Z,836460,190,3.30000000000000018318679906315082916989922523498535156250,0E-56
2022-01-23T19:16:00Z,836400,190,4.40000000000000024424906541753443889319896697998046875000,0E-56
2022-01-23T19:15:00Z,836340,190,5.40000000000000029976021664879226591438055038452148437500,0E-56
2022-01-23T19:14:00Z,836280,190,5.90000000000000032751579226442117942497134208679199218750,0E-56
2022-01-23T19:13:00Z,836220,190,7.30000000000000040523140398818213725462555885314941406250,0E-56
2022-01-23T17:46:51Z,831120,189,-0.20000000000000001110223024625156540423631668090820312500,0E-56
2022-01-23T17:45:51Z,831060,189,0.70000000000000003885780586188047891482710838317871093750,0E-56
2022-01-23T17:44:51Z,831000,189,1.40000000000000007771561172376095782965421676635742187500,0E-56
2022-01-23T17:43:51Z,830940,189,2.10000000000000011657341758564143674448132514953613281250,0E-56
2022-01-23T17:40:51Z,830759,189,4.70000000000000026090241078691178699955344200134277343750,0E-56
2022-01-23T12:00:30Z,810660,186,5.40000000000000029976021664879226591438055038452148437500,0E-56
2022-01-23T11:59:30Z,810600,186,4.80000000000000026645352591003756970167160034179687500000,0E-56
2022-01-23T11:58:30Z,810540,186,3.70000000000000020539125955565395997837185859680175781250,0E-56
2022-01-23T11:58:30Z,810540,186,3.70000000000000020539125955565395997837185859680175781250,0E-56
2022-01-23T11:39:30Z,809400,186,-6.20000000000000034416913763379852753132581710815429687500,0E-56
2022-01-23T11:38:30Z,809340,186,-6.10000000000000033861802251067274482920765876770019531250,0E-56
2022-01-23T10:08:20Z,804000,185,-4.70000000000000026090241078691178699955344200134277343750,0E-56
2022-01-23T10:07:20Z,803940,185,-5.10000000000000028310687127941491780802607536315917968750,0E-56
2022-01-23T10:06:20Z,803880,185,-5.00000000000000027755575615628913510590791702270507812500,0E-56
2022-01-23T10:05:20Z,803819,185,-5.40000000000000029976021664879226591438055038452148437500,0E-56
2022-01-23T10:04:20Z,803760,185,-5.80000000000000032196467714129539672285318374633789062500,0E-56
2022-01-23T10:03:20Z,803700,185,-5.80000000000000032196467714129539672285318374633789062500,0E-56
2022-01-23T10:02:20Z,803640,185,-5.40000000000000029976021664879226591438055038452148437500,0E-56
2022-01-23T10:01:20Z,803580,185,-5.50000000000000030531133177191804861649870872497558593750,0E-56
2022-01-23T08:35:11Z,798479,184,-3.80000000000000021094237467877974268049001693725585937500,0E-56
2022-01-23T08:34:11Z,798419,184,-4.10000000000000022759572004815709078684449195861816406250,0E-56
2022-01-23T08:33:11Z,798359,184,-4.40000000000000024424906541753443889319896697998046875000,0E-56
2022-01-23T08:32:11Z,798300,184,-5.00000000000000027755575615628913510590791702270507812500,0E-56
2022-01-23T08:31:11Z,798240,184,-5.20000000000000028865798640254070051014423370361328125000,0E-56